sum_sq,df,F,PR(>F)
31928645.0000017,1.0,4.906325166288203e+27,0.0
127627562.50000106,1.0,1.9611929093945026e+28,0.0
10836810.000000706,1.0,1.665241779764982e+27,0.0
1357224999.999998,1.0,2.0855840183055505e+29,0.0
5418404.999999729,1.0,8.32620889882395e+26,0.0
5158311401.249998,1.0,7.926535261206005e+29,0.0
444106001.2500032,2.0,3.412184341728869e+28,0.0
2.082447871617561e-19,32.0,,
