sum_sq,df,F,PR(>F)
1.0432091516224902,1.0,11.336008501461915,0.001991515557824735
0.0686079308880141,1.0,0.7455265193989432,0.3943220027563541
0.0661407466964217,1.0,0.718716918536963,0.40286181064802806
31.081271754298527,1.0,337.7439320724804,1.4468041961792292e-18
0.04772507550733269,1.0,0.5186034467226502,0.47666563102849135
0.629075224968691,1.0,6.835831613644376,0.013510835398948167
1.0156977580152091,2.0,5.518528284509728,0.008728079174388816
2.944836610489008,32.0,,
